{
"lengthUnit": "mil",
"remark": [],
"components": {
	"fields": ["COMPONENT_NO", "COMPONENT_NAME", "LAYER", "X_COORDINATE", "Y_COORDINATE", "ANGLE"],
	"rows": [
		[1, "OLED_0.96", "T", 1825, 2940, 0],
		[2, "SW1_YES", "T", 1805.04, 1635, 0],
		[3, "SW2_NO", "T", 1805.04, 1105, 0],
		[4, "U2", "T", 1850, 1650, 270],
		[5, "PAD1", "B", 1675, 2940, 0],
		[6, "PAD2", "T", 1775, 2940, 0],
		[7, "PAD2", "B", 1775, 2940, 0],
		[8, "PAD3", "T", 1875, 2940, 0],
		[9, "PAD3", "B", 1875, 2940, 0],
		[10, "PAD4", "T", 1975, 2940, 0],
		[11, "PAD4", "B", 1975, 2940, 0],
		[12, "PAD5", "T", 1675, 2940, 0],
		[13, "PAD5", "B", 1675, 2940, 0],
		[14, "PAD6", "T", 2051.1, 1535, 0],
		[15, "PAD6", "B", 2051.1, 1535, 0],
		[16, "PAD7", "T", 1558.98, 1535, 0],
		[17, "PAD7", "B", 1558.98, 1535, 0],
		[18, "PAD8", "T", 2051.1, 1735, 0],
		[19, "PAD8", "B", 2051.1, 1735, 0],
		[20, "PAD9", "T", 1558.98, 1735, 0],
		[21, "PAD9", "B", 1558.98, 1735, 0],
		[22, "PAD10", "T", 2051.1, 1005, 0],
		[23, "PAD10", "B", 2051.1, 1005, 0],
		[24, "PAD11", "T", 1558.98, 1005, 0],
		[25, "PAD11", "B", 1558.98, 1005, 0],
		[26, "PAD12", "T", 2051.1, 1205, 0],
		[27, "PAD12", "B", 2051.1, 1205, 0],
		[28, "PAD13", "T", 1558.98, 1205, 0],
		[29, "PAD13", "B", 1558.98, 1205, 0],
		[30, "PAD14", "T", 2249.99, 2970.03, 0],
		[31, "PAD14", "B", 2249.99, 2970.03, 0],
		[32, "PAD15", "T", 2350, 2970, 0],
		[33, "PAD15", "B", 2350, 2970, 0],
		[34, "PAD16", "T", 2250, 2870, 0],
		[35, "PAD16", "B", 2250, 2870, 0],
		[36, "PAD17", "T", 2350, 2870, 0],
		[37, "PAD17", "B", 2350, 2870, 0],
		[38, "PAD18", "T", 2250, 2770, 0],
		[39, "PAD18", "B", 2250, 2770, 0],
		[40, "PAD19", "T", 2350, 2770, 0],
		[41, "PAD19", "B", 2350, 2770, 0],
		[42, "PAD20", "T", 2250, 2670, 0],
		[43, "PAD20", "B", 2250, 2670, 0],
		[44, "PAD21", "T", 2350, 2670, 0],
		[45, "PAD21", "B", 2350, 2670, 0],
		[46, "PAD22", "T", 2250, 2570, 0],
		[47, "PAD22", "B", 2250, 2570, 0],
		[48, "PAD23", "T", 2350, 2570, 0],
		[49, "PAD23", "B", 2350, 2570, 0],
		[50, "PAD24", "T", 2250, 2470, 0],
		[51, "PAD24", "B", 2250, 2470, 0],
		[52, "PAD25", "T", 2350, 2470, 0],
		[53, "PAD25", "B", 2350, 2470, 0],
		[54, "PAD26", "T", 2250, 2370, 0],
		[55, "PAD26", "B", 2250, 2370, 0],
		[56, "PAD27", "T", 2350, 2370, 0],
		[57, "PAD27", "B", 2350, 2370, 0],
		[58, "PAD28", "T", 2250, 2270, 0],
		[59, "PAD28", "B", 2250, 2270, 0],
		[60, "PAD29", "T", 2350, 2270, 0],
		[61, "PAD29", "B", 2350, 2270, 0],
		[62, "PAD30", "T", 2250, 2170, 0],
		[63, "PAD30", "B", 2250, 2170, 0],
		[64, "PAD31", "T", 2350, 2170, 0],
		[65, "PAD31", "B", 2350, 2170, 0],
		[66, "PAD32", "T", 2250, 2070, 0],
		[67, "PAD32", "B", 2250, 2070, 0],
		[68, "PAD33", "T", 2350, 2070, 0],
		[69, "PAD33", "B", 2350, 2070, 0],
		[70, "PAD34", "T", 2250, 1970, 0],
		[71, "PAD34", "B", 2250, 1970, 0],
		[72, "PAD35", "T", 2350, 1970, 0],
		[73, "PAD35", "B", 2350, 1970, 0],
		[74, "PAD36", "T", 2250, 1870, 0],
		[75, "PAD36", "B", 2250, 1870, 0],
		[76, "PAD37", "T", 2350, 1870, 0],
		[77, "PAD37", "B", 2350, 1870, 0],
		[78, "PAD38", "T", 2250, 1770, 0],
		[79, "PAD38", "B", 2250, 1770, 0],
		[80, "PAD39", "T", 2350, 1770, 0],
		[81, "PAD39", "B", 2350, 1770, 0],
		[82, "PAD40", "T", 2250, 1670, 0],
		[83, "PAD40", "B", 2250, 1670, 0],
		[84, "PAD41", "T", 2350, 1670, 0],
		[85, "PAD41", "B", 2350, 1670, 0],
		[86, "PAD42", "T", 2250, 1570, 0],
		[87, "PAD42", "B", 2250, 1570, 0],
		[88, "PAD43", "T", 2350, 1570, 0],
		[89, "PAD43", "B", 2350, 1570, 0],
		[90, "PAD44", "T", 2250, 1470, 0],
		[91, "PAD44", "B", 2250, 1470, 0],
		[92, "PAD45", "T", 2350, 1470, 0],
		[93, "PAD45", "B", 2350, 1470, 0],
		[94, "PAD46", "T", 2250, 1370, 0],
		[95, "PAD46", "B", 2250, 1370, 0],
		[96, "PAD47", "T", 2350, 1370, 0],
		[97, "PAD47", "B", 2350, 1370, 0],
		[98, "PAD48", "T", 2250, 1270, 0],
		[99, "PAD48", "B", 2250, 1270, 0],
		[100, "PAD49", "T", 2350, 1270, 0],
		[101, "PAD49", "B", 2350, 1270, 0],
		[102, "PAD50", "T", 2250, 1170, 0],
		[103, "PAD50", "B", 2250, 1170, 0],
		[104, "PAD51", "T", 2350, 1170, 0],
		[105, "PAD51", "B", 2350, 1170, 0],
		[106, "PAD52", "T", 2250, 1070, 0],
		[107, "PAD52", "B", 2250, 1070, 0],
		[108, "PAD53", "T", 2350, 1070, 0],
		[109, "PAD53", "B", 2350, 1070, 0]
	]
},
"pins": {
	"fields": ["PIN_NO", "PIN_NAME", "PIN_X", "PIN_Y", "LAYER", "PIN_TYPE", "NET_NAME", "NET_TYPE", "PAD_SHAPE", "PAD_SIZEX", "PAD_SIZEY", "HOLE_SIZE", "HOLE_LEN", "PAD_ANGLE"],
	"rows": [
		[1, "OLED_0.96_1", 1675, 2940, "B", "SMD", "U2_3", "", "C", 74, 74, 0, 0, 90],
		[2, "OLED_0.96_1", 1675, 2940, "T", "DIP", "U2_3", "", "C", 74, 74, 40, 40, 90],
		[3, "OLED_0.96_1", 1675, 2940, "B", "DIP", "U2_3", "", "C", 74, 74, 40, 40, 90],
		[4, "OLED_0.96_2", 1775, 2940, "T", "DIP", "U2_5", "", "C", 74, 74, 40, 40, 90],
		[5, "OLED_0.96_2", 1775, 2940, "B", "DIP", "U2_5", "", "C", 74, 74, 40, 40, 90],
		[6, "OLED_0.96_3", 1875, 2940, "T", "DIP", "U2_6", "", "C", 74, 74, 40, 40, 90],
		[7, "OLED_0.96_3", 1875, 2940, "B", "DIP", "U2_6", "", "C", 74, 74, 40, 40, 90],
		[8, "OLED_0.96_4", 1975, 2940, "T", "DIP", "U2_2", "", "C", 74, 74, 40, 40, 90],
		[9, "OLED_0.96_4", 1975, 2940, "B", "DIP", "U2_2", "", "C", 74, 74, 40, 40, 90],
		[10, "SW1_YES_1", 1558.98, 1735, "T", "DIP", "SW1_1", "", "C", 98.425, 98.425, 59.056, 59.056, 180],
		[11, "SW1_YES_1", 1558.98, 1735, "B", "DIP", "SW1_1", "", "C", 98.425, 98.425, 59.056, 59.056, 180],
		[12, "SW1_YES_2", 2051.1, 1735, "T", "DIP", "U2_13", "", "C", 98.425, 98.425, 59.056, 59.056, 180],
		[13, "SW1_YES_2", 2051.1, 1735, "B", "DIP", "U2_13", "", "C", 98.425, 98.425, 59.056, 59.056, 180],
		[14, "SW1_YES_3", 1558.98, 1535, "T", "DIP", "SW1_3", "", "C", 98.425, 98.425, 59.056, 59.056, 180],
		[15, "SW1_YES_3", 1558.98, 1535, "B", "DIP", "SW1_3", "", "C", 98.425, 98.425, 59.056, 59.056, 180],
		[16, "SW1_YES_4", 2051.1, 1535, "T", "DIP", "U2_9", "", "C", 98.425, 98.425, 59.056, 59.056, 180],
		[17, "SW1_YES_4", 2051.1, 1535, "B", "DIP", "U2_9", "", "C", 98.425, 98.425, 59.056, 59.056, 180],
		[18, "SW2_NO_1", 1558.98, 1205, "T", "DIP", "SW2_1", "", "C", 98.425, 98.425, 59.056, 59.056, 180],
		[19, "SW2_NO_1", 1558.98, 1205, "B", "DIP", "SW2_1", "", "C", 98.425, 98.425, 59.056, 59.056, 180],
		[20, "SW2_NO_2", 2051.1, 1205, "T", "DIP", "U2_9", "", "C", 98.425, 98.425, 59.056, 59.056, 180],
		[21, "SW2_NO_2", 2051.1, 1205, "B", "DIP", "U2_9", "", "C", 98.425, 98.425, 59.056, 59.056, 180],
		[22, "SW2_NO_3", 1558.98, 1005, "T", "DIP", "SW2_3", "", "C", 98.425, 98.425, 59.056, 59.056, 180],
		[23, "SW2_NO_3", 1558.98, 1005, "B", "DIP", "SW2_3", "", "C", 98.425, 98.425, 59.056, 59.056, 180],
		[24, "SW2_NO_4", 2051.1, 1005, "T", "DIP", "U2_15", "", "C", 98.425, 98.425, 59.056, 59.056, 180],
		[25, "SW2_NO_4", 2051.1, 1005, "B", "DIP", "U2_15", "", "C", 98.425, 98.425, 59.056, 59.056, 180],
		[26, "U2_1", 2249.99, 2970.03, "T", "DIP", "U2_1", "", "R", 66.93, 66.93, 39.36, 39.36, 0],
		[27, "U2_1", 2249.99, 2970.03, "B", "DIP", "U2_1", "", "R", 66.93, 66.93, 39.36, 39.36, 0],
		[28, "U2_2", 2350, 2970, "T", "DIP", "U2_2", "", "C", 67.93, 67.93, 39.36, 39.36, 0],
		[29, "U2_2", 2350, 2970, "B", "DIP", "U2_2", "", "C", 67.93, 67.93, 39.36, 39.36, 0],
		[30, "U2_3", 2250, 2870, "T", "DIP", "U2_3", "", "C", 67.93, 67.93, 39.36, 39.36, 0],
		[31, "U2_3", 2250, 2870, "B", "DIP", "U2_3", "", "C", 67.93, 67.93, 39.36, 39.36, 0],
		[32, "U2_4", 2350, 2870, "T", "DIP", "U2_4", "", "C", 67.93, 67.93, 39.36, 39.36, 0],
		[33, "U2_4", 2350, 2870, "B", "DIP", "U2_4", "", "C", 67.93, 67.93, 39.36, 39.36, 0],
		[34, "U2_5", 2250, 2770, "T", "DIP", "U2_5", "", "C", 67.93, 67.93, 39.36, 39.36, 0],
		[35, "U2_5", 2250, 2770, "B", "DIP", "U2_5", "", "C", 67.93, 67.93, 39.36, 39.36, 0],
		[36, "U2_6", 2350, 2770, "T", "DIP", "U2_6", "", "C", 67.93, 67.93, 39.36, 39.36, 0],
		[37, "U2_6", 2350, 2770, "B", "DIP", "U2_6", "", "C", 67.93, 67.93, 39.36, 39.36, 0],
		[38, "U2_7", 2250, 2670, "T", "DIP", "U2_7", "", "C", 67.93, 67.93, 39.36, 39.36, 0],
		[39, "U2_7", 2250, 2670, "B", "DIP", "U2_7", "", "C", 67.93, 67.93, 39.36, 39.36, 0],
		[40, "U2_8", 2350, 2670, "T", "DIP", "U2_8", "", "C", 67.93, 67.93, 39.36, 39.36, 0],
		[41, "U2_8", 2350, 2670, "B", "DIP", "U2_8", "", "C", 67.93, 67.93, 39.36, 39.36, 0],
		[42, "U2_9", 2250, 2570, "T", "DIP", "U2_9", "", "C", 67.93, 67.93, 39.36, 39.36, 0],
		[43, "U2_9", 2250, 2570, "B", "DIP", "U2_9", "", "C", 67.93, 67.93, 39.36, 39.36, 0],
		[44, "U2_10", 2350, 2570, "T", "DIP", "U2_10", "", "C", 67.93, 67.93, 39.36, 39.36, 0],
		[45, "U2_10", 2350, 2570, "B", "DIP", "U2_10", "", "C", 67.93, 67.93, 39.36, 39.36, 0],
		[46, "U2_11", 2250, 2470, "T", "DIP", "U2_11", "", "C", 67.93, 67.93, 39.36, 39.36, 0],
		[47, "U2_11", 2250, 2470, "B", "DIP", "U2_11", "", "C", 67.93, 67.93, 39.36, 39.36, 0],
		[48, "U2_12", 2350, 2470, "T", "DIP", "U2_12", "", "C", 67.93, 67.93, 39.36, 39.36, 0],
		[49, "U2_12", 2350, 2470, "B", "DIP", "U2_12", "", "C", 67.93, 67.93, 39.36, 39.36, 0],
		[50, "U2_13", 2250, 2370, "T", "DIP", "U2_13", "", "C", 67.93, 67.93, 39.36, 39.36, 0],
		[51, "U2_13", 2250, 2370, "B", "DIP", "U2_13", "", "C", 67.93, 67.93, 39.36, 39.36, 0],
		[52, "U2_14", 2350, 2370, "T", "DIP", "U2_14", "", "C", 67.93, 67.93, 39.36, 39.36, 0],
		[53, "U2_14", 2350, 2370, "B", "DIP", "U2_14", "", "C", 67.93, 67.93, 39.36, 39.36, 0],
		[54, "U2_15", 2250, 2270, "T", "DIP", "U2_15", "", "C", 67.93, 67.93, 39.36, 39.36, 0],
		[55, "U2_15", 2250, 2270, "B", "DIP", "U2_15", "", "C", 67.93, 67.93, 39.36, 39.36, 0],
		[56, "U2_16", 2350, 2270, "T", "DIP", "U2_16", "", "C", 67.93, 67.93, 39.36, 39.36, 0],
		[57, "U2_16", 2350, 2270, "B", "DIP", "U2_16", "", "C", 67.93, 67.93, 39.36, 39.36, 0],
		[58, "U2_17", 2250, 2170, "T", "DIP", "U2_17", "", "C", 67.93, 67.93, 39.36, 39.36, 0],
		[59, "U2_17", 2250, 2170, "B", "DIP", "U2_17", "", "C", 67.93, 67.93, 39.36, 39.36, 0],
		[60, "U2_18", 2350, 2170, "T", "DIP", "U2_18", "", "C", 67.93, 67.93, 39.36, 39.36, 0],
		[61, "U2_18", 2350, 2170, "B", "DIP", "U2_18", "", "C", 67.93, 67.93, 39.36, 39.36, 0],
		[62, "U2_19", 2250, 2070, "T", "DIP", "U2_19", "", "C", 67.93, 67.93, 39.36, 39.36, 0],
		[63, "U2_19", 2250, 2070, "B", "DIP", "U2_19", "", "C", 67.93, 67.93, 39.36, 39.36, 0],
		[64, "U2_20", 2350, 2070, "T", "DIP", "U2_20", "", "C", 67.93, 67.93, 39.36, 39.36, 0],
		[65, "U2_20", 2350, 2070, "B", "DIP", "U2_20", "", "C", 67.93, 67.93, 39.36, 39.36, 0],
		[66, "U2_21", 2250, 1970, "T", "DIP", "U2_21", "", "C", 67.93, 67.93, 39.36, 39.36, 0],
		[67, "U2_21", 2250, 1970, "B", "DIP", "U2_21", "", "C", 67.93, 67.93, 39.36, 39.36, 0],
		[68, "U2_22", 2350, 1970, "T", "DIP", "U2_22", "", "C", 67.93, 67.93, 39.36, 39.36, 0],
		[69, "U2_22", 2350, 1970, "B", "DIP", "U2_22", "", "C", 67.93, 67.93, 39.36, 39.36, 0],
		[70, "U2_23", 2250, 1870, "T", "DIP", "U2_23", "", "C", 67.93, 67.93, 39.36, 39.36, 0],
		[71, "U2_23", 2250, 1870, "B", "DIP", "U2_23", "", "C", 67.93, 67.93, 39.36, 39.36, 0],
		[72, "U2_24", 2350, 1870, "T", "DIP", "U2_24", "", "C", 67.93, 67.93, 39.36, 39.36, 0],
		[73, "U2_24", 2350, 1870, "B", "DIP", "U2_24", "", "C", 67.93, 67.93, 39.36, 39.36, 0],
		[74, "U2_25", 2250, 1770, "T", "DIP", "U2_25", "", "C", 67.93, 67.93, 39.36, 39.36, 0],
		[75, "U2_25", 2250, 1770, "B", "DIP", "U2_25", "", "C", 67.93, 67.93, 39.36, 39.36, 0],
		[76, "U2_26", 2350, 1770, "T", "DIP", "U2_26", "", "C", 67.93, 67.93, 39.36, 39.36, 0],
		[77, "U2_26", 2350, 1770, "B", "DIP", "U2_26", "", "C", 67.93, 67.93, 39.36, 39.36, 0],
		[78, "U2_27", 2250, 1670, "T", "DIP", "U2_27", "", "C", 67.93, 67.93, 39.36, 39.36, 0],
		[79, "U2_27", 2250, 1670, "B", "DIP", "U2_27", "", "C", 67.93, 67.93, 39.36, 39.36, 0],
		[80, "U2_28", 2350, 1670, "T", "DIP", "U2_28", "", "C", 67.93, 67.93, 39.36, 39.36, 0],
		[81, "U2_28", 2350, 1670, "B", "DIP", "U2_28", "", "C", 67.93, 67.93, 39.36, 39.36, 0],
		[82, "U2_29", 2250, 1570, "T", "DIP", "U2_29", "", "C", 67.93, 67.93, 39.36, 39.36, 0],
		[83, "U2_29", 2250, 1570, "B", "DIP", "U2_29", "", "C", 67.93, 67.93, 39.36, 39.36, 0],
		[84, "U2_30", 2350, 1570, "T", "DIP", "U2_30", "", "C", 67.93, 67.93, 39.36, 39.36, 0],
		[85, "U2_30", 2350, 1570, "B", "DIP", "U2_30", "", "C", 67.93, 67.93, 39.36, 39.36, 0],
		[86, "U2_31", 2250, 1470, "T", "DIP", "U2_31", "", "C", 67.93, 67.93, 39.36, 39.36, 0],
		[87, "U2_31", 2250, 1470, "B", "DIP", "U2_31", "", "C", 67.93, 67.93, 39.36, 39.36, 0],
		[88, "U2_32", 2350, 1470, "T", "DIP", "U2_32", "", "C", 67.93, 67.93, 39.36, 39.36, 0],
		[89, "U2_32", 2350, 1470, "B", "DIP", "U2_32", "", "C", 67.93, 67.93, 39.36, 39.36, 0],
		[90, "U2_33", 2250, 1370, "T", "DIP", "U2_33", "", "C", 67.93, 67.93, 39.36, 39.36, 0],
		[91, "U2_33", 2250, 1370, "B", "DIP", "U2_33", "", "C", 67.93, 67.93, 39.36, 39.36, 0],
		[92, "U2_34", 2350, 1370, "T", "DIP", "U2_34", "", "C", 67.93, 67.93, 39.36, 39.36, 0],
		[93, "U2_34", 2350, 1370, "B", "DIP", "U2_34", "", "C", 67.93, 67.93, 39.36, 39.36, 0],
		[94, "U2_35", 2250, 1270, "T", "DIP", "U2_35", "", "C", 67.93, 67.93, 39.36, 39.36, 0],
		[95, "U2_35", 2250, 1270, "B", "DIP", "U2_35", "", "C", 67.93, 67.93, 39.36, 39.36, 0],
		[96, "U2_36", 2350, 1270, "T", "DIP", "U2_36", "", "C", 67.93, 67.93, 39.36, 39.36, 0],
		[97, "U2_36", 2350, 1270, "B", "DIP", "U2_36", "", "C", 67.93, 67.93, 39.36, 39.36, 0],
		[98, "U2_37", 2250, 1170, "T", "DIP", "U2_37", "", "C", 67.93, 67.93, 39.36, 39.36, 0],
		[99, "U2_37", 2250, 1170, "B", "DIP", "U2_37", "", "C", 67.93, 67.93, 39.36, 39.36, 0],
		[100, "U2_38", 2350, 1170, "T", "DIP", "U2_38", "", "C", 67.93, 67.93, 39.36, 39.36, 0],
		[101, "U2_38", 2350, 1170, "B", "DIP", "U2_38", "", "C", 67.93, 67.93, 39.36, 39.36, 0],
		[102, "U2_39", 2250, 1070, "T", "DIP", "U2_39", "", "C", 67.93, 67.93, 39.36, 39.36, 0],
		[103, "U2_39", 2250, 1070, "B", "DIP", "U2_39", "", "C", 67.93, 67.93, 39.36, 39.36, 0],
		[104, "U2_40", 2350, 1070, "T", "DIP", "U2_40", "", "C", 67.93, 67.93, 39.36, 39.36, 0],
		[105, "U2_40", 2350, 1070, "B", "DIP", "U2_40", "", "C", 67.93, 67.93, 39.36, 39.36, 0],
		[106, "PAD1_1", 1675, 2940, "B", "SMD", "U2_3", "", "C", 74, 74, 0, 0, 90],
		[107, "PAD2_2", 1775, 2940, "T", "DIP", "U2_5", "", "C", 74, 74, 40, 40, 90],
		[108, "PAD2_2", 1775, 2940, "B", "DIP", "U2_5", "", "C", 74, 74, 40, 40, 90],
		[109, "PAD3_3", 1875, 2940, "T", "DIP", "U2_6", "", "C", 74, 74, 40, 40, 90],
		[110, "PAD3_3", 1875, 2940, "B", "DIP", "U2_6", "", "C", 74, 74, 40, 40, 90],
		[111, "PAD4_4", 1975, 2940, "T", "DIP", "U2_2", "", "C", 74, 74, 40, 40, 90],
		[112, "PAD4_4", 1975, 2940, "B", "DIP", "U2_2", "", "C", 74, 74, 40, 40, 90],
		[113, "PAD5_1", 1675, 2940, "T", "DIP", "U2_3", "", "C", 74, 74, 40, 40, 90],
		[114, "PAD5_1", 1675, 2940, "B", "DIP", "U2_3", "", "C", 74, 74, 40, 40, 90],
		[115, "PAD6_4", 2051.1, 1535, "T", "DIP", "U2_9", "", "C", 98.425, 98.425, 59.056, 59.056, 180],
		[116, "PAD6_4", 2051.1, 1535, "B", "DIP", "U2_9", "", "C", 98.425, 98.425, 59.056, 59.056, 180],
		[117, "PAD7_3", 1558.98, 1535, "T", "DIP", "SW1_3", "", "C", 98.425, 98.425, 59.056, 59.056, 180],
		[118, "PAD7_3", 1558.98, 1535, "B", "DIP", "SW1_3", "", "C", 98.425, 98.425, 59.056, 59.056, 180],
		[119, "PAD8_2", 2051.1, 1735, "T", "DIP", "U2_13", "", "C", 98.425, 98.425, 59.056, 59.056, 180],
		[120, "PAD8_2", 2051.1, 1735, "B", "DIP", "U2_13", "", "C", 98.425, 98.425, 59.056, 59.056, 180],
		[121, "PAD9_1", 1558.98, 1735, "T", "DIP", "SW1_1", "", "C", 98.425, 98.425, 59.056, 59.056, 180],
		[122, "PAD9_1", 1558.98, 1735, "B", "DIP", "SW1_1", "", "C", 98.425, 98.425, 59.056, 59.056, 180],
		[123, "PAD10_4", 2051.1, 1005, "T", "DIP", "U2_15", "", "C", 98.425, 98.425, 59.056, 59.056, 180],
		[124, "PAD10_4", 2051.1, 1005, "B", "DIP", "U2_15", "", "C", 98.425, 98.425, 59.056, 59.056, 180],
		[125, "PAD11_3", 1558.98, 1005, "T", "DIP", "SW2_3", "", "C", 98.425, 98.425, 59.056, 59.056, 180],
		[126, "PAD11_3", 1558.98, 1005, "B", "DIP", "SW2_3", "", "C", 98.425, 98.425, 59.056, 59.056, 180],
		[127, "PAD12_2", 2051.1, 1205, "T", "DIP", "U2_9", "", "C", 98.425, 98.425, 59.056, 59.056, 180],
		[128, "PAD12_2", 2051.1, 1205, "B", "DIP", "U2_9", "", "C", 98.425, 98.425, 59.056, 59.056, 180],
		[129, "PAD13_1", 1558.98, 1205, "T", "DIP", "SW2_1", "", "C", 98.425, 98.425, 59.056, 59.056, 180],
		[130, "PAD13_1", 1558.98, 1205, "B", "DIP", "SW2_1", "", "C", 98.425, 98.425, 59.056, 59.056, 180],
		[131, "PAD14_1", 2249.99, 2970.03, "T", "DIP", "U2_1", "", "R", 66.93, 66.93, 39.36, 39.36, 0],
		[132, "PAD14_1", 2249.99, 2970.03, "B", "DIP", "U2_1", "", "R", 66.93, 66.93, 39.36, 39.36, 0],
		[133, "PAD15_2", 2350, 2970, "T", "DIP", "U2_2", "", "C", 67.93, 67.93, 39.36, 39.36, 0],
		[134, "PAD15_2", 2350, 2970, "B", "DIP", "U2_2", "", "C", 67.93, 67.93, 39.36, 39.36, 0],
		[135, "PAD16_3", 2250, 2870, "T", "DIP", "U2_3", "", "C", 67.93, 67.93, 39.36, 39.36, 0],
		[136, "PAD16_3", 2250, 2870, "B", "DIP", "U2_3", "", "C", 67.93, 67.93, 39.36, 39.36, 0],
		[137, "PAD17_4", 2350, 2870, "T", "DIP", "U2_4", "", "C", 67.93, 67.93, 39.36, 39.36, 0],
		[138, "PAD17_4", 2350, 2870, "B", "DIP", "U2_4", "", "C", 67.93, 67.93, 39.36, 39.36, 0],
		[139, "PAD18_5", 2250, 2770, "T", "DIP", "U2_5", "", "C", 67.93, 67.93, 39.36, 39.36, 0],
		[140, "PAD18_5", 2250, 2770, "B", "DIP", "U2_5", "", "C", 67.93, 67.93, 39.36, 39.36, 0],
		[141, "PAD19_6", 2350, 2770, "T", "DIP", "U2_6", "", "C", 67.93, 67.93, 39.36, 39.36, 0],
		[142, "PAD19_6", 2350, 2770, "B", "DIP", "U2_6", "", "C", 67.93, 67.93, 39.36, 39.36, 0],
		[143, "PAD20_7", 2250, 2670, "T", "DIP", "U2_7", "", "C", 67.93, 67.93, 39.36, 39.36, 0],
		[144, "PAD20_7", 2250, 2670, "B", "DIP", "U2_7", "", "C", 67.93, 67.93, 39.36, 39.36, 0],
		[145, "PAD21_8", 2350, 2670, "T", "DIP", "U2_8", "", "C", 67.93, 67.93, 39.36, 39.36, 0],
		[146, "PAD21_8", 2350, 2670, "B", "DIP", "U2_8", "", "C", 67.93, 67.93, 39.36, 39.36, 0],
		[147, "PAD22_9", 2250, 2570, "T", "DIP", "U2_9", "", "C", 67.93, 67.93, 39.36, 39.36, 0],
		[148, "PAD22_9", 2250, 2570, "B", "DIP", "U2_9", "", "C", 67.93, 67.93, 39.36, 39.36, 0],
		[149, "PAD23_10", 2350, 2570, "T", "DIP", "U2_10", "", "C", 67.93, 67.93, 39.36, 39.36, 0],
		[150, "PAD23_10", 2350, 2570, "B", "DIP", "U2_10", "", "C", 67.93, 67.93, 39.36, 39.36, 0],
		[151, "PAD24_11", 2250, 2470, "T", "DIP", "U2_11", "", "C", 67.93, 67.93, 39.36, 39.36, 0],
		[152, "PAD24_11", 2250, 2470, "B", "DIP", "U2_11", "", "C", 67.93, 67.93, 39.36, 39.36, 0],
		[153, "PAD25_12", 2350, 2470, "T", "DIP", "U2_12", "", "C", 67.93, 67.93, 39.36, 39.36, 0],
		[154, "PAD25_12", 2350, 2470, "B", "DIP", "U2_12", "", "C", 67.93, 67.93, 39.36, 39.36, 0],
		[155, "PAD26_13", 2250, 2370, "T", "DIP", "U2_13", "", "C", 67.93, 67.93, 39.36, 39.36, 0],
		[156, "PAD26_13", 2250, 2370, "B", "DIP", "U2_13", "", "C", 67.93, 67.93, 39.36, 39.36, 0],
		[157, "PAD27_14", 2350, 2370, "T", "DIP", "U2_14", "", "C", 67.93, 67.93, 39.36, 39.36, 0],
		[158, "PAD27_14", 2350, 2370, "B", "DIP", "U2_14", "", "C", 67.93, 67.93, 39.36, 39.36, 0],
		[159, "PAD28_15", 2250, 2270, "T", "DIP", "U2_15", "", "C", 67.93, 67.93, 39.36, 39.36, 0],
		[160, "PAD28_15", 2250, 2270, "B", "DIP", "U2_15", "", "C", 67.93, 67.93, 39.36, 39.36, 0],
		[161, "PAD29_16", 2350, 2270, "T", "DIP", "U2_16", "", "C", 67.93, 67.93, 39.36, 39.36, 0],
		[162, "PAD29_16", 2350, 2270, "B", "DIP", "U2_16", "", "C", 67.93, 67.93, 39.36, 39.36, 0],
		[163, "PAD30_17", 2250, 2170, "T", "DIP", "U2_17", "", "C", 67.93, 67.93, 39.36, 39.36, 0],
		[164, "PAD30_17", 2250, 2170, "B", "DIP", "U2_17", "", "C", 67.93, 67.93, 39.36, 39.36, 0],
		[165, "PAD31_18", 2350, 2170, "T", "DIP", "U2_18", "", "C", 67.93, 67.93, 39.36, 39.36, 0],
		[166, "PAD31_18", 2350, 2170, "B", "DIP", "U2_18", "", "C", 67.93, 67.93, 39.36, 39.36, 0],
		[167, "PAD32_19", 2250, 2070, "T", "DIP", "U2_19", "", "C", 67.93, 67.93, 39.36, 39.36, 0],
		[168, "PAD32_19", 2250, 2070, "B", "DIP", "U2_19", "", "C", 67.93, 67.93, 39.36, 39.36, 0],
		[169, "PAD33_20", 2350, 2070, "T", "DIP", "U2_20", "", "C", 67.93, 67.93, 39.36, 39.36, 0],
		[170, "PAD33_20", 2350, 2070, "B", "DIP", "U2_20", "", "C", 67.93, 67.93, 39.36, 39.36, 0],
		[171, "PAD34_21", 2250, 1970, "T", "DIP", "U2_21", "", "C", 67.93, 67.93, 39.36, 39.36, 0],
		[172, "PAD34_21", 2250, 1970, "B", "DIP", "U2_21", "", "C", 67.93, 67.93, 39.36, 39.36, 0],
		[173, "PAD35_22", 2350, 1970, "T", "DIP", "U2_22", "", "C", 67.93, 67.93, 39.36, 39.36, 0],
		[174, "PAD35_22", 2350, 1970, "B", "DIP", "U2_22", "", "C", 67.93, 67.93, 39.36, 39.36, 0],
		[175, "PAD36_23", 2250, 1870, "T", "DIP", "U2_23", "", "C", 67.93, 67.93, 39.36, 39.36, 0],
		[176, "PAD36_23", 2250, 1870, "B", "DIP", "U2_23", "", "C", 67.93, 67.93, 39.36, 39.36, 0],
		[177, "PAD37_24", 2350, 1870, "T", "DIP", "U2_24", "", "C", 67.93, 67.93, 39.36, 39.36, 0],
		[178, "PAD37_24", 2350, 1870, "B", "DIP", "U2_24", "", "C", 67.93, 67.93, 39.36, 39.36, 0],
		[179, "PAD38_25", 2250, 1770, "T", "DIP", "U2_25", "", "C", 67.93, 67.93, 39.36, 39.36, 0],
		[180, "PAD38_25", 2250, 1770, "B", "DIP", "U2_25", "", "C", 67.93, 67.93, 39.36, 39.36, 0],
		[181, "PAD39_26", 2350, 1770, "T", "DIP", "U2_26", "", "C", 67.93, 67.93, 39.36, 39.36, 0],
		[182, "PAD39_26", 2350, 1770, "B", "DIP", "U2_26", "", "C", 67.93, 67.93, 39.36, 39.36, 0],
		[183, "PAD40_27", 2250, 1670, "T", "DIP", "U2_27", "", "C", 67.93, 67.93, 39.36, 39.36, 0],
		[184, "PAD40_27", 2250, 1670, "B", "DIP", "U2_27", "", "C", 67.93, 67.93, 39.36, 39.36, 0],
		[185, "PAD41_28", 2350, 1670, "T", "DIP", "U2_28", "", "C", 67.93, 67.93, 39.36, 39.36, 0],
		[186, "PAD41_28", 2350, 1670, "B", "DIP", "U2_28", "", "C", 67.93, 67.93, 39.36, 39.36, 0],
		[187, "PAD42_29", 2250, 1570, "T", "DIP", "U2_29", "", "C", 67.93, 67.93, 39.36, 39.36, 0],
		[188, "PAD42_29", 2250, 1570, "B", "DIP", "U2_29", "", "C", 67.93, 67.93, 39.36, 39.36, 0],
		[189, "PAD43_30", 2350, 1570, "T", "DIP", "U2_30", "", "C", 67.93, 67.93, 39.36, 39.36, 0],
		[190, "PAD43_30", 2350, 1570, "B", "DIP", "U2_30", "", "C", 67.93, 67.93, 39.36, 39.36, 0],
		[191, "PAD44_31", 2250, 1470, "T", "DIP", "U2_31", "", "C", 67.93, 67.93, 39.36, 39.36, 0],
		[192, "PAD44_31", 2250, 1470, "B", "DIP", "U2_31", "", "C", 67.93, 67.93, 39.36, 39.36, 0],
		[193, "PAD45_32", 2350, 1470, "T", "DIP", "U2_32", "", "C", 67.93, 67.93, 39.36, 39.36, 0],
		[194, "PAD45_32", 2350, 1470, "B", "DIP", "U2_32", "", "C", 67.93, 67.93, 39.36, 39.36, 0],
		[195, "PAD46_33", 2250, 1370, "T", "DIP", "U2_33", "", "C", 67.93, 67.93, 39.36, 39.36, 0],
		[196, "PAD46_33", 2250, 1370, "B", "DIP", "U2_33", "", "C", 67.93, 67.93, 39.36, 39.36, 0],
		[197, "PAD47_34", 2350, 1370, "T", "DIP", "U2_34", "", "C", 67.93, 67.93, 39.36, 39.36, 0],
		[198, "PAD47_34", 2350, 1370, "B", "DIP", "U2_34", "", "C", 67.93, 67.93, 39.36, 39.36, 0],
		[199, "PAD48_35", 2250, 1270, "T", "DIP", "U2_35", "", "C", 67.93, 67.93, 39.36, 39.36, 0],
		[200, "PAD48_35", 2250, 1270, "B", "DIP", "U2_35", "", "C", 67.93, 67.93, 39.36, 39.36, 0],
		[201, "PAD49_36", 2350, 1270, "T", "DIP", "U2_36", "", "C", 67.93, 67.93, 39.36, 39.36, 0],
		[202, "PAD49_36", 2350, 1270, "B", "DIP", "U2_36", "", "C", 67.93, 67.93, 39.36, 39.36, 0],
		[203, "PAD50_37", 2250, 1170, "T", "DIP", "U2_37", "", "C", 67.93, 67.93, 39.36, 39.36, 0],
		[204, "PAD50_37", 2250, 1170, "B", "DIP", "U2_37", "", "C", 67.93, 67.93, 39.36, 39.36, 0],
		[205, "PAD51_38", 2350, 1170, "T", "DIP", "U2_38", "", "C", 67.93, 67.93, 39.36, 39.36, 0],
		[206, "PAD51_38", 2350, 1170, "B", "DIP", "U2_38", "", "C", 67.93, 67.93, 39.36, 39.36, 0],
		[207, "PAD52_39", 2250, 1070, "T", "DIP", "U2_39", "", "C", 67.93, 67.93, 39.36, 39.36, 0],
		[208, "PAD52_39", 2250, 1070, "B", "DIP", "U2_39", "", "C", 67.93, 67.93, 39.36, 39.36, 0],
		[209, "PAD53_40", 2350, 1070, "T", "DIP", "U2_40", "", "C", 67.93, 67.93, 39.36, 39.36, 0],
		[210, "PAD53_40", 2350, 1070, "B", "DIP", "U2_40", "", "C", 67.93, 67.93, 39.36, 39.36, 0]
	]
}
}